l_returnflag,l_linestatus,sum,sum,sum,sum,avg,avg,avg,count
A,F,37734107.00,56586554400.73,53758257134.8700,55909065222.827692,25.5220058532573370,38273.129734621672,0.04998529583839761162,1478493
N,F,991417.00,1487504710.38,1413082168.0541,1469649223.194375,25.5164719205229835,38284.467760848304,0.05009342667421629691,38854
N,O,76626330.00,114924375381.59,109179333905.1526,113550382814.193864,25.5020462852858160,38248.037460346462,0.04999996339084631377,3004713
R,F,37719753.00,56568041380.90,53741292684.6040,55889619119.831932,25.5057936126907707,38250.854626099657,0.05000940583012705647,1478870
