l_returnflag,l_linestatus,sum,sum,sum,sum,avg,avg,avg,count
A,F,37734107.00,56586554400.73,53758257134.8700,55909065222.827692,25.5220058532573370,38273.129734621672,0.04998529583839761162,1478493
